anid,remote,a1,a2,a3,a4,a5,a6,a7,a8
165,#926DB946,0.89,0.505,0.87,0.86,0.84,0.85,0.96,0.945
133,#8E142AB0,0.94,0.925,1,1,0.68,0.665,0.75,1
132,#8E720FF3,0.97,0.89,0.89,0.95,0.84,0.625,0.9,0.855
131,#8399DDC7,0.88,0.575,0.85,0.99,0.88,0.46,1,0.8595
130,#8E78C93F,0.77,0.97,0.85,0.81,0.84,0.825,1,0.975
137,#8DA8BC99,0.8,0.225,1,1,0.36,0.67,0.98,0.825
136,#8E19F661,0.97,0.985,0.96,0.99,0.94,0.795,1,1
135,#8DC3501E,0.96,0.96,0.96,0.74,0.98,0.96,1,0.975
134,#8E0F75F4,0.96,0.935,1,1,0.91,0.78,1,1
139,#85B1BB8F,0.92,1,0.99,1,0.93,1,1,1
138,#8EB8BC8A,0.95,0.91,0.91,1,0.95,0.94,0.9,1
93,#8B1C3CAB,0.58,0.95,0.88,0.69,0.21,0.38,0.7,0.725
24,#8A26DC70,0.36,0.325,0.93,0.88,0.8,0.29,0.28,0.95
25,#9081CBDA,0.48,0.715,0.99,0.905,0.79,0.62,0.7,0.995
26,#856E3BD0,0.81,0.75,0.89,0.9,0.42,0,0,0.87
167,#847B2DD2,0.97,0.97,0.98,0.925,1,0.615,0.95,0.71
20,#8DD18CD0,0.9,0.57,0.92,0.995,0.95,0.41,0.08,1
21,#959D0F07,0.86,0.67,0.95,0.86,0.94,0.91,1,0.945
22,#84650CED,0.95,0.85,0.75,0.66,0.7,0.605,0.75,0.8955
23,#84333780,0.93,0.695,0.83,0.98,0.97,0.84,0.81,0.97
160,#8FC1B7F9,0.96,0.98,0.93,0.96,1,0.84,0.98,0.995
28,#82C07D3F,0.83,0.585,0.7,1,0.58,0.41,0.9,0.975
29,#90697881,0.79,0.775,0.9,0.96,0.98,0.94,1,0.975
161,#8E8F2A2B,0.88,0.775,0.88,0.92,0.97,0.525,1,0.975
0,#8EE47913,0.29,0,0,0,0,0,0,0
162,#83B32F1F,0.62,0.935,0.93,0.965,0.75,0.675,0.28,0.95
8,#89B44578,0.71,0.54,0.93,0.9,0.91,0,0.9,0.86
163,#96AB5A67,0.85,0.63,0.95,0.78,0.69,0.2,1,0.97
120,#8590FEEB,0.97,0.955,0.92,0.845,0.92,0.585,0.88,0.873
121,#84D589D8,0.9,0.97,0.78,0.995,0.94,0.8,1,1
122,#8E80C5CB,0.93,1,0.97,0.96,0.81,0.735,0.88,1
123,#8ED5BFE4,0.9,0.755,0.9,0.99,0.92,0.57,0.95,1
124,#8E809799,0.87,0.965,0.96,0.985,0.92,0.815,1,1
125,#8610C452,0.79,0.97,0.95,0.995,0.63,0.885,0.9,0.783
126,#854EF73C,0.86,1,0.98,0.96,0.99,1,0.98,0.975
127,#82DBD78E,0.93,0.985,0.89,0.87,0.96,1,1,1
128,#83AE8EA3,0.97,1,0.86,1,0.93,0.865,0.98,1
129,#8E1AE97D,0.95,0.985,0.98,1,0.91,0.995,1,1
59,#89887B7A,0.9,0.655,0.98,0.98,0.89,0.32,1,1
58,#910E30AF,0.88,0.755,0.99,0.99,0.9,0.7,0.7,0.9
55,#855D2DF5,0.85,0.48,0.97,0.76,0.73,0.36,0.2,1
54,#8568F31E,0.9,0.77,0.91,1,0.97,0.42,0.85,1
57,#9609FF60,0.97,0.955,0.93,0.745,0.88,0.8,0.8,0.95
56,#85937D6B,0.98,0.985,0.98,0.995,0.9,0.68,0.8,1
51,#8622AA0E,0.75,0.365,0.89,0.88,0.21,0.66,0.93,0.995
50,#8AD06A30,0.87,0.65,0.85,0.84,0.58,0.78,0.13,0.875
53,#8F9A8297,0.95,0.77,0.93,0.985,0.97,0.91,0.7,1
52,#85250AAA,0.95,0.77,0.9,0.995,0.88,0.695,1,0.995
164,#86219037,0.81,0.94,0.82,1,0.8,0.775,0.5,1
115,#820E0488,0.92,0.705,0.97,0.95,0.75,0.98,1,0.975
114,#852F9D37,0.88,0.97,1,0.92,0.98,0.92,0.96,0.86
117,#8E9E5C4C,0.91,0.845,0.99,0.9,0.92,0.705,1,1
116,#8D86060D,0.83,0.905,1,0.86,0.92,0.9,1,0.97
111,#8FB94573,0.81,0.935,0.9,0.84,0.92,0.86,1,0.95
110,#8E6D9C7F,0.86,0.2,0.97,0.78,0.91,0.67,0.9,0.915
113,#85C4EBAA,0.84,0.515,0.85,0.865,0.62,0.6,0.3,0.4905
112,#852E59F2,0.92,0.985,0.99,1,0.97,1,1,0.975
82,#8F9B2F3B,0.95,0.97,0.98,0.93,1,0.82,1,1
83,#8990B1A8,0.82,0.74,0.93,0.95,0.77,0.745,1,1
80,#85C1A9ED,0.91,1,1,0.93,1,1,0.88,0.975
81,#8FB7B088,0.99,0.98,0.97,0.91,0.92,0.465,0.75,1
86,#8304E86F,0.79,0.97,0.93,0.995,0.94,0.745,1,1
118,#82E599FE,0.9,0.92,0.98,0.94,0.89,0.905,1,1
84,#8E129A06,0.89,0.74,0.98,1,0.62,0.89,1,0.95
85,#847AAE50,0.93,1,0.98,0.99,0.96,0.985,1,1
27,#8E6E15F5,0.8,0.985,0.99,0.94,0.85,0.485,1,0.975
3,#8DBA7344,0.51,0.485,0.65,0.66,0.41,0.2,0.15,0.234
7,#824C24EA,0.05,0,0.87,0,0.95,0,0.2,0
108,#8FAA1134,0.88,1,0.89,0.95,1,0.96,1,0.975
109,#00D1BE6F,0.97,0.485,0.96,0.995,0.94,0.88,1,0.995
102,#8E83AEA3,0.98,0.72,0.95,1,0.96,0.895,0.15,0.975
103,#83040681,0.89,0.77,0.92,0.93,0.49,0.49,1,0.97
100,#93169D18,0.91,0.985,0.96,0.93,0.64,0.71,1,0.95
101,#83DBB8E0,0.84,0.77,0.59,1,0.87,0.725,0.8,0.9
106,#8466B654,0.86,0.97,0.96,0.71,1,0.665,0.98,0.995
107,#8B3AF243,0.98,0.96,1,0.98,0.85,0.825,1,0.995
104,#845F479C,0.74,0.97,0.95,0.995,0.99,1,1,1
105,#8DB3033D,0.92,0.96,0.94,0.885,0.97,0.82,0.35,1
39,#854DB77F,0.91,0.715,0.82,0.95,0.96,0.715,1,1
38,#873EC079,0.86,0.935,0.96,0.945,0.84,0.865,0.75,0.875
33,#8D7AE017,0.78,0.58,0.94,0.83,0.92,0.705,0.88,0.8505
32,#8E98786E,0.82,0.18,0.93,0.72,0.91,0.225,0.71,1
31,#8A789B69,0.83,0.77,0.96,0.91,0.93,0.7,0.95,1
30,#8E122EB2,0.82,0.215,0.93,0.905,0.99,0.84,1,0.9
37,#859C455C,0.87,0.54,0.99,0.995,0,0.64,0.03,1
36,#84B7C0F3,0.86,0.97,0.98,0.92,0.93,0.81,1,0.875
35,#8614089A,0.82,0.71,0.92,0.96,1,0.87,0.65,0.95
34,#8E714FB0,0.91,0.92,0.85,0.81,0.75,0.325,0.13,0.985
60,#8A28B210,0.83,0.74,0.97,0.96,0.98,0.82,0.8,0.845
61,#8E7529D2,0.97,0.97,1,0.975,0.96,1,1,0.875
62,#82A5B295,0.95,0.71,0.92,0.77,0.88,0.395,1,1
63,#8627C667,0.81,0.495,0.87,1,0.61,0.64,1,1
64,#85C67E3D,0.91,1,0.96,0.91,0.98,0.8,0.9,1
65,#8ACDA1E6,0.89,1,0.91,1,0.58,0.67,0.7,0.95
66,#84B03D09,0.87,0.68,1,0.875,1,0.745,0.93,0.97
67,#863546F5,0.89,0.92,0.97,0.975,0.96,0.7,0.98,1
68,#86536ABF,0.86,0.72,0.98,0.74,0.73,0.71,0.18,0.864
69,#8E0E3FBF,0.85,0.535,0.94,0.57,0.88,0.74,0.23,0.92
2,#8F2A7ADF,0.76,0.755,0.92,0.96,0.85,0.75,0.25,1
6,#82F28AFA,0.78,0.82,0.78,0.93,0.75,0.94,0.9,0.738
4,#8E0F3EBF,0.81,0.89,0.84,0.88,0.94,0.22,0.28,0.725
99,#8E6632DA,0.94,0.985,0.98,0.99,0.98,0.825,1,1
98,#8E6AEB0F,0.89,0.905,0.91,0.64,0.93,0.84,1,1
168,#910E54CB,0.44,0,0.89,0.745,0.13,0.375,0.28,0.87
91,#8F45905A,0.92,1,0.86,0.99,0.9,0.95,1,1
90,#82AD3817,0.97,0.98,0.98,0.995,1,1,0.71,0.945
166,#96A9A19E,0.78,0.705,0.96,0.99,0.94,0.735,0.95,0.995
92,#8617F263,0.94,0.98,0.89,0.99,0.94,0.96,1,0.975
95,#8E5302DF,0.81,0.85,0.83,0.99,0.96,0.605,0.8,0.895
94,#84740BFB,0.97,1,0.99,0.775,0.93,0.645,0.98,1
97,#92ED8EF1,0.96,0.985,0.94,1,0.7,0.845,0.98,1
96,#8425A405,0.93,0.785,0.98,1,0.9,0.695,0.9,1
11,#8F3F9B2B,0.93,0.39,0.8,0.945,0.88,0.53,1,1
10,#83C74703,0.43,0.305,0.54,0,0.81,0.4,0.78,0.995
13,#8E10DC42,0.69,0.855,0.9,0.825,0.87,0.645,0.18,0.975
12,#8ACCF1B7,0.95,0.985,0.9,0.9,0.94,0.88,0.95,0.8055
15,#829F9885,0.85,0.61,0,0,0.47,0.15,0.15,0.333
14,#89FFE395,0.87,1,0.83,0.945,0.9,0.6,0.95,0.9
17,#8E1954C3,0.89,0.69,0.86,0.98,0.9,0.635,0.9,0.96
16,#8E929C80,0.91,0.93,0.96,1,0.92,0.88,0.18,0.725
19,#849B0619,0.87,0.48,0.87,0.98,0.85,0.675,0.9,0.95
18,#895030E9,0.91,0.94,0.92,0.99,0.79,0.795,0.7,0.9
88,#8E687B9D,0.89,1,0.97,1,0.94,0.74,1,0.97
89,#84AA052B,0.78,0.495,0.82,0.99,0.46,0.93,0.98,0.126
151,#8E6D3CDF,0.91,1,0.99,1,0.84,0.8,0.95,0.9
150,#8E5BE633,1,1,0.98,1,0.99,1,1,1
153,#828FC9C4,0.9,0.965,0.99,0.885,0.95,0.94,1,1
152,#830240C1,0.95,0.955,0.94,1,0.94,0.85,0.88,1
155,#84C24503,0.9,0.955,0.9,0.995,0.86,0.89,0.8,0.9
154,#96B583A0,0.98,0.98,1,1,0.99,0.915,1,0.975
157,#8F809F90,0.96,0.915,0.99,0.97,0.98,0.835,1,0.9
156,#860ACE42,0.95,0.595,0.99,0.79,0.9,0.565,0.8,0.995
159,#8509A12D,0.94,0.91,0.95,0.99,0.96,0.795,1,0.975
158,#8F80FAF5,0.5,0.225,0.99,0.735,0.85,0.71,1,0.99
48,#8EEEA8C8,0.91,0.68,0.87,0.99,0.61,0.625,0.8,1
49,#8F3F3F8F,0.94,0.885,0.98,1,0.99,0.86,1,1
46,#8EA6775F,0.85,0.69,0.85,0.96,0.67,0.465,1,0.8685
119,#82A0F7D5,0.94,0.98,0.99,1,0.96,0.93,0.9,0.975
44,#833B9129,0.92,0.935,0.97,0.97,0.99,0.63,1,0.975
45,#858A959A,0.55,0.745,0.98,1,0.95,0.765,0.58,1
42,#829D7966,0.94,1,0.97,0.88,0.99,0.66,0.95,1
43,#8E6BAA4F,0.85,0.715,0.93,0.885,0.89,0.795,0.65,0.96
40,#8AF4E59B,0.97,0.985,0.98,0.93,1,0.75,0.98,1
87,#8A39BB08,0.95,0.69,0.69,0.95,0.65,0.52,0.85,1
1,#852241E6,0.84,0.475,1,0.96,0.91,0.88,0.95,0.995
5,#8E9DB1A2,0.89,0.985,0.88,0.98,0.95,0.715,0.88,1
9,#83B289B8,0.85,0.755,0.83,0.96,0.92,0.97,1,0.975
146,#8E1676EE,0.99,1,1,0.93,0.96,0.91,0.9,1
147,#85C8A0ED,0.99,1,0.94,1,0.98,0.985,1,1
144,#83C1FCBE,0.99,1,0.95,0.985,0.96,0.975,0.75,0.995
145,#84FEC9B3,0.92,0.975,0.98,0.85,0.98,0.94,1,1
142,#8EB8DCEA,0.99,0.985,0.93,0.905,0.92,1,1,1
143,#8561997D,0.99,1,0.97,1,0.92,0.965,1,1
140,#8E8A3F3B,0.89,0.935,1,1,0.99,1,1,1
141,#8E9D1506,0.94,1,0.99,0.995,0.99,0.985,1,0.995
148,#83B2F6C7,0.96,0.965,0.86,0.995,0.98,0.975,1,0.975
149,#84E83B57,0.87,0.98,0.99,0.995,0.89,0.62,1,1
77,#84A34760,0.87,0.94,0.93,0.99,0.95,0.865,0.6,1
76,#8EC0125C,0.9,0.89,1,0.995,0.55,0.29,0.9,1
75,#93069B0E,0.59,0.595,0.86,0.64,0.64,0.9,0.93,0.9
74,#8E1C198B,0.88,0.97,0.96,0.995,1,0.715,0.6,0.975
73,#85A77D5F,0.96,0.905,0.92,0.93,0.92,0.415,0.85,0.975
72,#828D333C,0.96,0.98,0.9,1,1,0.92,0.75,0.945
71,#844BAE61,0.95,0.915,0.92,1,0.63,0.935,1,0.95
70,#8EA27F53,0.87,0.755,0.97,0.8,0.69,0.84,0.8,0.8055
79,#84EBF09F,0.92,0.1,0.92,1,0.88,0.805,0.53,0.9
78,#8DEFBDDF,0.89,0.63,0.85,0.91,0.73,0.765,1,0.9
41,#8E081492,0.6,0.655,0.83,0.595,0.58,0.79,1,0.9
47,#805411C5,0.84,0.83,0.94,1,0.94,0.735,0.7,1
